source_id,status,round_generated,title,statement,proof_route,falsifier,lean_mission,claim_hash
R:R1-ESCAPEDESC,PROVED_IN_PACKET,1,Critical Escape with Lower-Layer Ambient Defects,"Let H_j be a finite k-critical triangle-free layer in an m-layer cover of G. For every connected S with 2 <= |S| < k, H_j has a component C outside N_{H_j}[S] with chi(C) >= k-|S|, and every ambient edge of G[C] absent from H_j[C] is covered by the other m-1 layers.",Use N13 inside H_j; the final assertion is immediate from the edge cover.,Failure of the critical escape component or an ambient defect unique to H_j.,criticalEscape_with_lowerLayerDefects,586ac1b11af9081fe681b7a2f024cc878ba817b5e8aded9be1be540775b2dd87
R:R1-K4FIBER,PROVED_IN_PACKET,1,K4-Free Ambient Signature-Fiber Collapse,"Let G be K4-free, let H be any spanning subgraph, and let P be a path in H. If F is a nonempty H-contact-signature fiber on P, then G[F] is triangle-free.","Choose p in the nonempty signature. Every vertex of F is adjacent to p in G, so F lies in N_G(p); XLINK05 makes that neighborhood triangle-free.",A triangle inside a nonempty signature fiber of a K4-free graph.,K4free_signatureFiber_triangleFree,f15887d1d60213b3d992c1f026dc2cfc0583ca1fd355c0f1d74772546a6bc3db
R:R1-LINKRESERVE,PROVED_IN_PACKET,1,Protected Deletion Reserve Inside Every #595 Witness Link,"Let G be a K4-free graph with tc(G)>aleph_0 and fix any well-order. In the uncountably chromatic triangle-free forward link supplied by XLINK06, every finite sequence of protected deletions from N07 leaves an uncountably chromatic residual.","XLINK06 supplies a triangle-free link of uncountable chromatic number. N07 subtracts only a finite chromatic budget, which cannot make an uncountable cardinal finite or countable.",A finite protected deletion sequence reducing the link to countable chromatic number.,witnessLink_protectedDeletion_preserves_uncountableChromatic,be3b7b040416809a3f207c299aa48c08880c4bd756875732b4b6b5c1a9249ee5
R:R1-MAXCONTACT,PROVED_IN_PACKET,1,Maximal-Layer Contact Defects Lie in the Minimal Transversal,"Let H be a maximal spanning triangle-free subgraph of G and D=E(G)\E(H). For an induced path P in H, every edge internal to a fixed nonempty H-contact-signature fiber belongs to the inclusion-minimal triangle transversal D.",P07 makes the fiber stable in H. XTRANS03 identifies the complement of H as a minimal transversal.,A fiber edge in H or outside both H and D.,maximalLayer_contactDefects_in_minimalTransversal,de91ea54537fac513c937d196791bc5f99a923eebb56ce7420b06a1216a6ee9b
R:R1-SIBDEF,PROVED_IN_PACKET,1,Sibling Defect Graphs Are Triangle-Free in K4-Free Hosts,"Let a rooted tree copy lie in a K4-free ambient graph. For every tree vertex u, the ambient graph induced by the selected children of u is triangle-free; in particular every sibling-defect graph is triangle-free, regardless of the type-tensor profile.","All selected children lie in the ambient neighborhood of u, which is triangle-free by XLINK05.",Three selected children of one parent forming an ambient triangle.,K4free_siblingDefect_triangleFree,162e897e0da5276b88e743e59b7e85401016ce92e517fdd344fc7e7de0f40b2c
R:R1-SIGDESC,PROVED_IN_PACKET,1,Layered Signature-Fiber Defect Descent,"Let G be covered by m triangle-free layers H_i. Let P be an induced path in H_j and let F be the vertices outside P having one fixed nonempty H_j-contact signature on P. Then every ambient edge of G[F] is covered by the other m-1 layers, so tc(G[F]) <= m-1.",P07 makes F stable in H_j. Thus H_j contributes no edge of G[F]; every ambient edge is supplied by another covering layer.,A same-signature fiber containing an edge unique to the path layer.,layered_signatureFiber_defectDescent,a0e7523ba9cc5f2246ca78174dfa6c03f733382207ff50b4f87718624469837a
R:R1-SPIDERDESC,PROVED_IN_PACKET,1,Layer-Induced Spider Defect Descent,"If a spider is induced inside one layer of an m-layer triangle-free edge cover, then all ambient chords on the spider vertices are covered by the other m-1 layers.",A spider is a tree. Apply layer-defect descent to the induced tree in the selected layer.,An ambient chord present only in the layer where the spider is induced.,layerInduced_spider_defectDescent,1bfad87bc90baa68db0c6ff7dad8f56c02d29030996770c419251a2eaaf2c504
R:R1-TRANSIG,PROVED_IN_PACKET,1,Transversal Absorption of Signature-Fiber Edges,"Let D be a triangle transversal of G, put H=G-D, and let P be an induced path in the triangle-free graph H. For every fixed nonempty H-contact signature S on P, every ambient edge joining two vertices in the S-fiber belongs to D.","The S-fiber is stable in H by P07, so any ambient edge internal to it was deleted and lies in D.",An internal fiber edge surviving in H.,transversal_absorbs_signatureFiber_edges,b675e494f567103f5e6063e26cd99e4290692b424063e06bdbd6ac2d023480f8
R:R2-CRITABSORB,PROVED_IN_PACKET,2,Critical Escape Defects as Lower-Layer Transversal Data,"In an m-layer graph, a high-chromatic critical escape component extracted inside one triangle-free layer has all ambient nonlayer edges covered by the remaining m-1 layers; equivalently those lower layers form a triangle-free cover of the escape defect graph.","This is the edge-cover conclusion of R1-ESCAPEDESC, restated in triangle-cover language.",An escape defect edge absent from every lower layer.,criticalEscape_defectGraph_lowerLayerCover,2ff5bdb1baecbeb12a3257bbb659a94a9f65e69f96d6018e4423577772ac28f9
R:R2-CONTACTRED,PROVED_IN_PACKET,2,Finite Contact-Language Reduction for Layered Defects,"For an n-vertex induced path in one triangle-free layer of an m-layer graph, its vertices outside the path split into at most F_{n+2}-1 nonempty contact-signature fibers, and each fiber's ambient internal defect graph has triangle-cover number at most m-1.",P05 bounds the nonempty signatures and R1-SIGDESC handles each fiber.,More than F_{n+2}-1 signatures or a fiber defect requiring m layers.,layeredPath_contactLanguage_defectReduction,c072c48bed2cbb5b8e220b6e76bafa3d3db285fa8ec637d6a45e7c1dc403e532
R:R2-ROOTSPLIT,PROVED_IN_PACKET,2,Root-Level versus Deep Spider-Defect Split,"For a spider induced in one layer of a K4-free m-layer graph, ambient chords among first arm vertices form a triangle-free graph, while every remaining ambient chord is covered by the other m-1 layers.","First arm vertices are siblings at the center, so R1-SIBDEF applies. All chords are absent from the inducing layer, so R1-SPIDERDESC covers the rest.",A root-level chord triangle or a deep chord unique to the inducing layer.,layerSpider_rootDeep_defectSplit,f8cae9d87d642246e05c0c4bfe1b001be4c1aeb04aebbf6238562353a97b9474
R:R2-SIGCOVEROBS,PROVED_IN_PACKET,2,Countable Signature-Fiber Cover Obstruction,"If G is K4-free and tc(G)>aleph_0, then no countable family of nonempty contact-signature fibers (taken from arbitrary spanning scaffolds and finite paths) has internal edge sets covering E(G).",Each internal fiber graph is triangle-free by R1-K4FIBER. A countable edge cover by them would contradict tc(G)>aleph_0.,A #595 witness whose edges are covered by countably many signature fibers.,witness_no_countable_signatureFiber_edgeCover,662efb154bda92305b6e54927c507d775f3efdf745616b97b1b68fd183451ec9
R:R2-STABLECERT,PROVED_IN_PACKET,2,Stable Certification of Omitted Edges,"Let G be K4-free, H a maximal spanning triangle-free subgraph, and D=E(G)\E(H). For every omitted edge xy in D, the set W_H(xy)=N_H(x) intersect N_H(y) is nonempty and is stable in G.","Maximality of H implies that adding xy creates a triangle, so W_H(xy) is nonempty. Any edge between two common neighbors together with x,y would create a K4.","An omitted edge with no H-common neighbor, or adjacent vertices in its certificate set.",maximalTriangleFree_omittedEdge_stableCertificate,e88ba6455b89b60fdf7fa7c18ed5e4288888617ac7bd48445925f5aedf58d61a
R:R2-TREESEQ,CONDITIONAL_ON_738_SEQUENCE,2,Protected Tree-Sequence Extraction in a Witness Link,"Conditional on the #738 statements for a prescribed sequence of finite trees T_0,T_1,..., every #595 witness contains under one apex pairwise anticomplete induced copies of all T_i inside one forward link; every ambient chord within or between these copies lies outside the link layer.",Use R1-LINKRESERVE to retain uncountable chromatic number after each protected deletion and apply the relevant #738(T_i) bound at every stage. Chords are absent from the induced link copies and from link-anticompleteness.,A verified #738 sequence and a witness where the recursive extraction fails.,witnessLink_extract_treeSequence,95efb598ab958a6f357ef2941a235536a902ffe875baf1251e5df8389d648093
R:R2-SIGCERT,PROVED_IN_PACKET,2,Signature Defects Carry Stable Triangle Certificates,"Under R1-MAXCONTACT in a K4-free graph, every defect edge xy inside a nonempty path-signature fiber belongs to the minimal transversal and has a nonempty stable certificate set W_H(xy). Every path contact p in the shared signature is itself a certificate witness.","R1-MAXCONTACT places xy in D. Since x and y both contact every p in the signature inside H, each such p lies in W_H(xy); stability follows from R2-STABLECERT.",A defect edge lacking a shared contact or with a nonstable certificate set.,signatureDefect_has_stableCertificates,d4bdc006fbd16df2fb9409dd4f0895c05c11d473cf0706cf3f1a67cc6ad6ea22
R:R2-BOOKSTERILE,PROVED_IN_PACKET,2,Single Stable Triangle Book Is Two-Layer Sterile,"Let xy be an edge and W a stable set of common neighbors of x and y. The graph on {x,y} union W has triangle-cover number exactly 2 when W is nonempty.",One layer is the star from x to {y} union W; the other is the star from y to W. A triangle xyw gives the lower bound two.,A nonempty stable triangle book coverable in one layer or requiring three.,stableTriangleBook_triangleCover_eq_two,e0725721fd75615109a2cdc53551ee79d18d6d67f1a9c1391b98427381b24558
